{"resources":[],"spritemap":{"knock-glass1":{"start":0,"end":0.21793650793650793,"loop":false},"knock-glass2":{"start":1.2,"end":1.4438548752834468,"loop":false},"knock-glass3":{"start":2.2,"end":2.480340136054422,"loop":false},"matches":{"start":3.2,"end":4.140612244897959,"loop":false},"phone-tone":{"start":5.2,"end":6.226439909297052,"loop":false},"switch":{"start":7.2,"end":7.285011337868481,"loop":false}}}